"","address","price","area","floor","allfloor","livingroom","bathroom","bedroom"
"1","新生南路二段正面大安森林..",200000,151,2,15,2,4,4
"2","復興南路一段219巷忠孝復..",48000,36,2,7,2,1,3
"3","和平東路二段兩房一..",25009,25,2,4,1,1,2
"4","光復南路光復南路仁..",22914,20,7,12,1,1,2
"5","樂業街2房1廳基隆..",19906,20,2,4,1,1,2
"7","信義路三段台北大安..",36000,14,12,14,2,1,1
"8","信義路四段大安站（..",11500,12,5,6,1,1,2
"9","光復南路*翠亨雅舍12樓近..",22720,13,12,12,0,1,1
"10","建國南路二段151巷大安森..",50000,45,2,7,2,2,4
"12","信義路四段新裝潢近捷運採..",19000,22,5,6,1,1,2
"13","安和路一段近敦南誠品、忠..",55000,56,3,12,2,2,3
"14","忠孝東路四段77巷【忠孝復..",54000,24,4,10,1,1,2
"15","忠孝東路三段217巷SOGO21..",75000,45.6,1,6,2,1,3
"16","安和路二段和平東路三段口..",48000,43,5,14,2,2,3
"17","安和路二段敦化遠企商圈捷..",72000,46,16,17,2,2,4
"18","和平東路三段麟光捷運站三..",22000,12,3,4,1,1,2
"19","瑞安街208巷快<U+2764>附車位<U+2764>..",34000,36,4,7,2,2,2
"20","大安路二段大安捷運、飯店..",26500,13,5,12,1,1,2
"21","瑞安街208巷近科技大樓捷..",31000,29.6,4,7,2,2,2
"22","和平東路三段遠企商圈大客..",51000,53,6,14,2,2,3
"23","忠孝東路四段東區忠孝敦化..",37000,18.3,7,14,1,1,1
"24","忠孝東路三段248巷..",40000,43,11,12,2,2,3
"25","光復南路昇陽Grand..",90000,60,17,19,2,2,3
"26","和平東路二段捷運科技大樓..",28500,33,3,9,2,1,2
"27","敦化南路二段正敦化南路無..",128000,60,6,18,2,2,3
"28","瑞安街208巷-近大安捷運..",31000,29.6,4,7,2,2,2
"29","金山南路二段短租另議。三..",32500,26,2,4,2,1,2
"30","敦化南路一段捷運出口,歐式裝潢高級毫..",120000,62.4,10,12,2,2,3
"31","通安街捷運信義安和站，全..",55000,25,6,9,1,1,2
"32","光復南路260巷東區..",48000,42,4,7,2,2,4
"33","忠孝東路四段205巷ZARA絕..",25000,12,2,9,1,1,1
"34","光復南路近捷運裝潢明亮美..",25700,16,4,13,1,1,1
"35","瑞安街208巷捷運大..",31000,29.6,4,7,2,2,2
"36","永康街2+1房、生活機能便..",45000,27,3,7,2,2,3
"37","泰順街44巷師大捷運時尚廚..",30000,26,3,5,1,1,2
"38","信義路四段大安捷運站正對..",25000,20,10,12,1,1,1
"39","建國南路一段大安森林公園..",34000,18.5,6,12,1,1,2
"40","龍泉街WELIVE時尚捷..",22800,24,4,5,1,1,2
"41","敦化南路二段敦南鑽石4+1..",85000,61.3,7,21,2,3,5
"42","臥龍街131巷六張犁捷運站..",20000,22,1,2,1,1,2
"43","延吉街131巷捷運國父紀念..",37800,18,3,7,1,1,2
"44","忠孝東路四段216巷近仁愛路學校..",50000,45,6,7,2,2,4
"45","延吉街1房1廳,,全..",25500,18,7,8,1,1,1
"46","忠孝東路四段忠孝sogo住商..",26000,11,12,12,1,1,1
"47","忠孝東路四段忠孝東路捷運..",58000,38,9,12,2,2,3
"48","四維路208巷交通便利之吉..",30000,33,3,4,2,1,3
"49","安和路二段鄰近遠企..",60000,47,3,17,2,2,3
"50","新生南路一段97巷忠孝新生..",38000,40,4,4,2,1,2
"52","羅斯福路三段★雙捷..",78000,45,12,25,2,2,3
"53","四維路76巷電梯大廈三房二..",51000,58,9,14,2,2,3
"55","信義路三段大安MRT!復興南..",38600,23.6,14,14,2,1,1
"56","安和路一段東區仁愛..",80000,45.1,11,12,2,2,4
"57","信義路二段室內美裝潢、生..",38000,18.1,8,13,1,1,2
"58","和平東路三段228巷兩房一廳一廚..",15000,17,2,4,1,1,2
"59","四維路52巷正面公園..",68000,47,2,4,2,2,4
"60","建國南路一段大安森林旁全..",33000,26.1,10,14,2,1,3
"61","安和路一段仁愛信義安和敦..",38000,32,5,5,2,2,3
"62","基隆路二段捷運六張犁站/..",95000,57,11,13,2,2,3
"63","瑞安街208巷近雙捷..",34000,36,4,7,2,2,2
"64","仁愛路四段300巷國..",45000,41.8,6,7,2,2,3
"65","瑞安街208巷【MRT大安】..",43000,19.6,7,7,1,1,2
"66","復興南路適合個人工作室",25000,17,10,12,1,1,1
"67","師大路105巷精緻房..",30000,19.5,6,9,1,1,2
"68","新生南路一段165巷大安森..",38000,25,1,4,2,1,2
"69","大安路二段27巷大安站美妝豪邸",178000,70.2,4,7,2,2,3
"70","仁愛路四段鉑斯精選<f0><U+009F><U+008C><U+009F>歡迎企業..",110000,65.3,3,14,2,2,3
"71","安和路一段忠孝敦化MRT.東區商..",80000,45.1,11,12,2,2,4
"72","羅斯福路二段近師大捷運古亭站..",100000,42.6,4,7,2,2,2
"73","新生南路三段【大安森林公園】..",43000,28.6,11,14,2,2,3
"74","樂業街雅痞風流,超群絕倫,耀..",199990,79.9,8,13,2,2,3
"75","瑞安街格調奢華,引領潮流,藝..",110000,61,3,7,2,2,3
"76","永康街悠然自得,鳥語花香,超..",74990,72.8,7,7,3,3,4
"77","敦化南路一段177巷日語可,都..",120000,60.6,11,13,2,2,2
"78","建國南路一段◎現代時尚溫馨◎..",69000,37.8,12,13,2,2,2
"79","瑞安街208巷【大安站】8分鐘..",31000,9.6,4,7,2,2,2
"80","瑞安街208巷~*瑞安街大安高工..",31000,29.6,4,7,2,2,2
"81","仁愛路三段東門大安森林公園邊..",65000,38.9,4,6,2,2,3
"82","信義路二段永康商圈@空間寬敞..",33000,10.8,3,11,1,1,1
"83","信義路四段近信義安和捷運~電..",47000,33.2,2,12,2,2,3
"84","通安街信義安和MRT.高樓景觀...",50000,24.9,8,9,2,2,2
"85","仁愛路四段鳳翔~本棟我最熟，..",120000,70,13,22,2,3,4
"86","新生南路三段大安森林公園/行..",43000,28.6,11,14,2,2,3
"87","安和路一段信義安和站/仁愛國..",59000,49.4,4,16,2,2,4
"88","愛國東路學生公寓，屋主..",8800,66,3,4,2,6,6
"89","瑞安街208巷瑞安街電梯2房+..",34000,29.6,4,7,2,2,2
"90","忠孝東路四段216巷東區216巷..",50000,42.6,6,7,2,2,4
"91","永康街永康靜巷日式典雅裝潢",48000,27.6,2,12,1,1,2
"92","師大路105巷~*台電大樓站6分..",30000,19.5,6,10,1,1,2
"93","光復南路★101捷運站★五星公..",41997,24.9,5,19,1,1,2
"94","師大路105巷師大2房，有管理..",30000,19.5,6,10,1,1,2
"95","信義路二段@中正紀念堂大安森..",160000,84,10,14,2,2,4
"96","建國南路一段@近大安森林公園..",65000,37,10,13,2,2,3
"97","忠孝東路三段248巷忠孝復興3..",52000,48.7,1,14,2,2,3
"98","四維路仁愛敦南電梯獨立套房",25000,15,4,7,1,1,1
"99","忠孝東路四段忠孝復興捷運面寬..",60000,52,7,12,2,2,4
"100","和平東路三段傢電設備全+車位..",68000,53,10,14,2,2,4
"101","信義路二段★東門站大安森林公..",34000,10.8,3,11,1,1,1
"102","羅斯福路三段58巷Fancyapartme..",45000,20.1,9,9,2,1,2
"103","建國南路一段270巷大安森林公..",120000,70,1,5,3,3,4
"104","信義路二段東門站☆永康商圈☆..",90000,53.1,14,14,2,2,3
"105","光復南路近捷運信義安和<U+263C>飯店..",90000,60,17,19,2,2,3
"106","師大路105巷安心租嚴選師大夜..",30000,19,6,9,1,1,2
"107","仁愛路四段仁愛林蔭大廈~名宅..",130000,75,5,12,2,2,4
"108","杭州南路二段61巷近古亭..",52300,34.2,4,6,2,1,2
"109","仁愛路四段近忠孝敦化站.面樹..",65000,38.8,7,15,2,2,3
"110","忠孝東路四段181巷近捷運∼新..",42000,25,3,7,1,1,2
"111","信義路四段★大安站★高樓層★..",78000,60.6,12,17,2,3,4
"112","建國南路一段270巷近★大安森..",120000,36.7,1,5,3,3,4
"113","信義路二段★東門站共構★永康..",87996,63.3,14,14,2,2,3
"114","新生南路一段近大安森林公園大..",179997,136.3,4,6,2,4,6
"115","新生南路三段大安森林公園~景..",43000,28.6,11,14,2,2,2
"116","瑞安街120巷★大安站美妝豪邸..",124999,86.6,5,11,2,3,3
"117","信義路四段★捷運信義安和★優..",47996,33.2,2,12,2,2,3
"118","安和路二段遠企商圈尊貴花園名..",100000,59.4,7,25,2,2,4
"119","樂利路42巷適合小家庭近學校",24000,21,4,7,2,1,2
"120","復興南路一段捷運忠孝復興站6..",35000,30,11,12,2,1,2
"121","光復南路近國父紀念館<U+263C>松菸<U+263C>..",120000,71.3,7,13,2,2,1
"122","忠孝東路三段難得釋出~採光佳..",40000,42.7,11,14,2,2,3
"123","瑞安街208巷靜巷內優質住宅，..",31000,29.6,4,7,2,2,2
"124","信義路三段3米6漂亮裝潢，採..",38600,23.6,14,14,2,1,2
"125","忠孝東路四段216巷東區商圈，..",26000,12,4,4,1,1,1
"126","敦化南路二段63巷漂亮裝潢，一..",90000,32.1,7,9,2,2,2
"127","新生南路三段大安森林公園時尚..",65000,46.8,8,12,2,2,3
"128","建國南路一段漂亮裝潢，大安森..",34000,18.5,6,12,1,1,2
"129","市民大道四段東區商圈旁，機能..",29000,11.5,4,10,1,1,2
"130","師大路105巷師大商圈，溫馨裝..",30000,19.5,6,10,1,1,2
"132","和平東路二段118巷鄰近..",30000,31.3,3,5,2,2,3
"133","和平東路三段敦南景觀豪宅",89000,65.9,17,19,2,2,3
"134","安和路一段近仁愛路捷運信義安..",56000,49.4,4,16,2,2,4
"135","信義路四段大安站~3+1房景觀優..",78000,60.6,12,17,2,3,4
"136","瑞安街近大安森林公園<U+263C>戶數單..",31800,35.9,5,5,2,1,2
"137","瑞安街近復興南路二段★捷運科..",120000,62,8,10,2,3,3
"138","忠孝東路四段捷運忠孝敦化★東..",42500,39.9,3,7,2,2,3
"139","忠孝東路四段可議★正東區★住..",90000,61.6,2,7,3,2,2
"140","信義路二段東門站☆一層一戶☆..",86000,72.2,5,7,2,2,3
"142","新生南路二段頂高麗景大安公園..",200000,151,2,15,2,3,4
"143","忠孝東路四段近敦南誠品~全新..",35000,11,6,6,1,1,1
"144","忠孝東路四段3房~近敦南誠品..",110000,48,6,6,2,2,3
"145","復興南路二段優質設計三房~近..",118000,53,2,12,2,2,3
"146","和平東路二段科技大樓~優質裝..",80000,42,13,13,2,2,1
"147","和平東路三段屋美~高景觀樓層..",89000,65,17,19,2,2,3
"148","敦化南路二段信義安和、敦南小..",45000,16,6,7,2,2,2
"149","信義路二段★大安2房、機能便..",33000,15,2,6,1,1,2
"150","敦化南路二段敦南小豪宅~近信..",35000,11,2,7,1,1,2
"151","仁愛路四段東區精品優質兩房~..",39000,23,4,7,2,1,2
"152","信義路二段~近MRT東門~中正..",130000,81,10,14,2,2,4
"153","信義路二段近東門站邊間採光通..",35000,27.2,6,13,1,1,1
"154","和平東路三段遠企敦南名宅~優..",85000,66,15,19,2,2,3
"155","安和路一段@@捷運信義安和商圈..",59000,49.4,4,16,2,2,4
"156","仁愛路四段@@大安復興仁愛圓環..",36000,19.2,4,14,2,1,2
"157","和平東路一段@@古亭捷運商圈旁..",65000,62.4,14,18,2,2,4
"158","敦化南路二段@@科技大樓捷運商..",50000,36,6,16,2,2,3
"159","臥龍街195巷台北市社會..",18000,25,4,4,2,1,3
"160","復興南路一段@@大安信義安和捷..",110000,56,13,14,2,2,3
"161","仁愛路四段512巷@@市政府捷運..",65000,41.6,2,8,2,2,3
"162","辛亥路二段@@捷運科技大樓商圈..",68000,52,2,24,2,2,3
"163","瑞安街208巷@@信義復興大安森..",31000,29.6,4,7,2,2,2
"164","信義路四段@@大安復興信義敦化..",77999,60.6,12,17,2,3,4
"165","信義路四段@@信義安和捷運商旁..",48000,33.2,2,12,2,2,3
"166","仁愛路四段大安區/高樓景觀+..",140000,118,15,19,3,4,6
"167","東豐街東豐街近SOGO百貨..",25000,20,4,4,1,4,2
"168","新生南路一段165巷大安森林公..",38000,25,1,4,2,1,2
"169","永康街東門永康靜巷美居2+1房..",48000,27.6,2,12,1,1,2
"170","溫州街48巷溫州靜巷捷運電梯兩..",38000,23,3,6,2,1,2
"171","光復南路美樂【優質社區高樓層..",90000,60,17,19,2,2,3
"172","羅斯福路三段全新耕曦鋼骨高樓..",78000,44.4,12,25,2,2,3
"173","和平東路一段113巷師大靜巷一..",35000,24.8,1,4,2,1,2
"174","建國南路一段279巷建國花市、..",29000,25,14,14,2,1,2
"175","仁愛路四段忠孝敦化捷運站~美..",36000,19.2,4,14,2,1,2
"176","忠孝東路四段216巷東區216巷..",26000,13,4,4,1,1,1
"177","安和路一段忠孝敦化捷運站~全..",80000,45.1,11,12,2,2,4
"178","羅斯福路三段台電大樓/古亭雙..",78000,55.1,12,25,2,2,3
"179","光復南路昇陽建設~雙捷運~氣..",90000,61.2,17,19,2,2,3
"180","信義路四段大安捷運站旁~高樓..",78000,60.6,12,17,2,3,4
"181","建國南路一段大安森林公園/捷..",34000,18.5,6,12,2,1,2
"182","信義路三段千載難逢,超塵拔俗..",89000,54.6,3,14,2,2,3
"183","信義路四段家門口就是信義安和..",47000,33.2,2,12,2,2,3
"184","信義路三段大安捷運站旁~靜巷..",63000,41.3,6,7,2,2,4
"185","敦化南路一段忠孝敦化捷運站旁..",120000,51.7,10,14,2,2,3
"186","信義路四段(日本語可)至高無..",78000,60,12,17,2,3,4
"187","忠孝東路三段忠孝復興捷運站~S..",40000,42.7,11,14,2,2,3
"188","信義路三段低調奢華,夢寐以求..",63000,41.3,6,7,2,2,4
"189","光復南路富麗堂皇,指標豪宅高..",105000,61.2,17,19,2,2,3
"190","復興南路一段精華地段,鳥語花..",60000,42.9,4,7,2,2,3
"191","光復南路精華地段,質感設計,..",50000,32.8,7,14,1,1,2
"192","復興南路一段都市核心,風光旖..",108000,56,13,14,2,2,3
"193","忠孝東路三段精華地段,千載難..",48000,48.7,1,14,2,2,3
"194","臥龍街43巷六張犁臥龍街★高樓..",52000,38.4,11,11,2,2,3
"195","大安路二段捷運大安站/靜巷豪..",178000,48.6,4,7,2,2,3
"196","安和路一段仁愛國小對面★一層..",85000,58.2,11,12,2,2,5
"197","復興南路一段79巷板南線文湖線..",16500,29,5,5,0,1,1
"198","復興南路一段79巷&lt;忠孝復興站..",16500,29,5,5,0,1,1
"199","忠孝東路四段216巷忠孝敦化站..",50000,42.6,6,7,2,2,4
"200","復興南路一段忠孝復興站，SOGO..",33000,27.3,8,16,1,1,2
"201","延吉街228巷絕佳的生活..",52000,28.5,6,7,2,2,3
"202","光復南路小巢何雅婷~昇陽Gran..",100000,61.3,17,19,2,2,3
"203","建國南路一段270巷小巢何雅婷..",120000,70,1,4,3,3,4
"204","基隆路二段★六張犛站5分★溫..",95000,57.2,11,13,2,2,3
"205","延吉街70巷延吉公寓大兩房",32000,24.9,4,4,2,1,2
"206","延吉街70巷延吉.捷運忠孝敦化..",32000,25,4,4,2,1,2
"207","敦化南路二段63巷敦南全新裝潢..",89000,50,7,7,3,3,3
"208","金華街199巷淡大城區部★仙境..",39000,27,2,4,2,2,3
"209","泰順街太子尊邸★仙境：正三房..",72000,70.6,2,10,2,2,3
"210","仁愛路四段仁愛圓環★仙境：二..",36000,19.2,4,14,2,1,2
"211","信義路二段1秒東門,豪華旗艦..",85000,63.3,14,14,2,2,3
"212","溫州街◎台大師大◎書香..",38000,34.9,3,6,2,1,2
"213","建國南路一段◎藝術時尚風◎格..",34000,18.5,6,12,2,1,2
"214","安和路一段◎鑽石◎敦化,東區..",80000,45,11,12,3,2,3
"215","金山南路二段清幽絕美,人間仙..",58000,41.4,2,7,2,2,2
"216","敦化南路二段降價!文采飛揚,..",52500,47.2,9,10,2,2,4
"217","忠孝東路四段216巷都市核心,..",50000,42.6,6,7,2,2,4
"218","金山南路二段寧靜美宅,人文薈..",32499,26,2,4,2,1,2
"219","仁愛路四段◎皇室住所◎圓環樹..",60000,38.8,7,15,2,2,3
"220","安和路一段都會核心,層峰焦點..",84990,58.2,11,12,2,2,5
"221","敦化南路二段萬眾矚目,文藝氣..",120000,60.8,4,9,2,2,2
"222","忠孝東路四段77巷全新落成,高..",54000,25.5,4,10,1,1,2
"223","敦化南路一段尊貴輝煌,鑽石名..",119990,62.4,10,14,2,2,3
"224","復興南路二段書香菁華,政商雲..",125000,71.5,5,12,2,2,3
"225","忠孝東路四段品味人士,晉升名..",51997,44.3,4,7,2,2,4
"226","通安街耀眼璀璨,時尚格調,萬..",49899,25.7,8,9,2,2,2
"227","四維路都會核心,炙手可熱,時..",62000,46.2,3,4,2,2,4
"228","仁愛路四段群英薈萃,尊爵榮耀..",105000,65.3,3,14,2,2,3
"229","復興南路一段107巷SOGO商圈~..",25000,18,8,8,1,1,2
"230","復興南路一段忠孝復興☆住辦大..",33000,27,8,16,2,1,2
"231","信義路四段★捷運大安站3+1房..",78000,60.6,12,17,2,3,4
"232","復興南路一段忠孝SOGO☆住辦大..",33000,27,8,16,2,1,2
"233","敦化南路一段近忠孝敦化站，舒..",70000,52.2,2,7,2,2,4
"234","忠孝東路四段忠孝捷運邊間高樓..",58000,38,9,12,2,2,3
"235","仁愛路四段超大空間,精華地段..",65000,66.5,2,7,2,2,3
"236","信義路四段信義安和捷運..",48000,36.2,8,9,2,2,3
"237","潮州街48巷古亭站門月閒",60000,33,5,6,2,2,2
"238","忠孝東路三段251巷3房附家具..",32000,26,4,4,1,1,3
"239","安和路二段時尚風格,書香菁華..",46000,25.6,5,7,2,1,2
"240","敦化南路一段161巷玉樹臨風,..",70000,52.2,3,7,2,2,4
"241","敦化南路一段◎名人巷仁愛圓環..",85000,91.5,7,7,2,3,5
"242","和平東路三段◎風光旖旎◎景觀..",89000,78.6,17,19,2,2,3
"243","新生南路一段寧靜美宅,鳥語花..",52000,43.1,6,7,2,2,3
"244","建國南路一段◎潔白純淨◎鄉村..",65000,37.8,10,13,2,2,3
"245","安和路一段萬眾矚目,無與倫比..",59000,49.4,4,16,2,2,4
"246","建國南路一段杏雨梨雲,風清月..",120000,71,1,5,3,3,4
"247","和平東路三段◎MRT景觀宅◎仕..",119990,80.9,15,19,2,3,3
"248","敦化南路二段◎品味非凡◎全新..",89000,50,7,7,3,3,3
"249","信義路二段近東門站<U+10E6>永康街<U+10E6>..",85000,51.4,14,14,2,2,3
"250","光復南路國館捷運旁~電梯四房..",37000,38.7,4,7,2,2,4
"251","信義路四段大安捷運大空間雙主..",78000,60.6,12,17,2,3,4
"252","樂業街六張犁捷運溫馨典雅裝潢..",66000,56.5,4,13,2,2,3
"253","和平東路三段六張犁捷運近敦化..",60000,58.7,8,19,2,2,3
"254","信義路四段捷運大安站旁<U+2611>雙主..",78000,60.6,12,17,2,3,4
"255","和平東路一段森林公園之家邊間..",43000,41.7,7,12,2,2,4
"256","建國南路一段近捷運大安森林公..",34000,18.5,6,12,1,1,2
"257","忠孝東路三段近捷運忠孝復興，..",55000,37.7,14,14,2,2,3
"258","信義路三段147巷近捷運大安站..",63000,41.3,6,7,2,2,5
"259","新生南路一段103巷捷運忠孝新..",52000,43.1,6,7,2,2,3
"260","忠孝東路四段77巷璞真座全新二..",54000,25.5,4,10,1,1,2
"261","通安街信義安和站1分鐘~3年新..",50000,29.2,8,9,2,2,2
"262","忠孝東路四段170巷忠孝東路四..",75000,48,5,10,2,2,4
"263","師大路105巷師大夜市美美二房",30000,19.5,6,10,1,1,2
"264","瑞安街208巷捷運大安站優質二..",34000,29.6,4,7,2,2,2
"265","光復南路240巷<U+2764>快!正一房<U+2764>..",29000,11,3,11,1,1,1
"266","安和路一段仁愛國小正對面安和..",59000,51,4,16,2,2,4
"267","臥龍街魔術格局★看101★採光..",24800,19.5,11,14,1,1,2
"268","復興南路二段科技大樓站三房美..",40000,41.2,8,18,2,2,3
"269","和平東路三段六張犁時尚頂客族",36000,23.4,6,10,1,1,1
"270","四維路華廈.稀少大戶...",46000,58,4,6,2,2,4
"271","和平東路三段1巷成功國宅美屋",35000,30.6,12,17,2,1,2
"273","師大路105巷近捷運台電大樓站..",30000,19.5,6,10,2,1,2
"274","信義路四段近安和捷運站-",47000,33.2,2,12,2,2,3
"275","瑞安街208巷近捷運大安站~近..",31000,29.6,4,7,2,2,2
"276","市民大道四段近忠孝敦化捷運站..",29000,11.5,4,10,1,1,2
"277","敦化南路二段11巷一層一戶~近..",35000,15,2,7,1,1,2
"278","浦城街16巷浦城街16巷（台灣師..",45000,33.5,1,4,2,2,4
"279","金山南路二段和平大苑高樓(3房..",80000,45.4,9,14,2,2,3
"280","和平東路二段96巷4分鐘到台大..",22000,20,4,5,2,1,2
"281","瑞安街近復興南路☆精緻裝潢3+..",125000,86.6,5,11,2,3,4
"282","忠孝東路三段248巷捷運忠孝復..",40000,42.7,11,12,2,2,3
"283","建國南路一段捷運3分鐘~高檔..",34000,18.5,6,13,1,1,2
"284","仁愛路四段忠孝敦化捷運站**仁..",58000,45.3,12,14,1,1,3
"285","忠孝東路三段248巷捷運忠孝復..",48000,42,1,14,2,2,3
"286","忠孝東路三段★忠孝復興SOGO★..",40000,42.7,11,14,2,2,3
"287","安和路二段3+1房*使用面積大..",90000,68.3,5,25,2,2,4
"288","和平東路二段★捷運科技大樓★..",75000,41.6,13,13,2,2,1
"289","仁愛路三段118巷★大安捷運師..",50000,26.9,2,6,2,2,2
"290","羅斯福路三段★近古亭台電師大..",78000,44.4,12,25,2,2,3
"291","羅斯福路三段台電大樓豪宅三房",77888,45,12,25,2,2,3
"292","羅斯福路三段安心租台大優質豪..",78888,45,12,25,2,2,3
"293","復興南路一段~近sogo商圈純住..",55000,47,4,15,2,2,3
"294","信義路四段信義安和站出站即到..",47000,33.2,2,12,2,2,3
"295","忠孝東路三段近捷運忠孝復興☆..",47800,48.7,1,14,2,2,3
"296","忠孝東路三段248巷【安心租】..",48000,38,1,16,2,3,3
"297","仁愛路四段近忠孝敦化站☆仁愛..",36000,19.2,4,14,2,1,2
"298","忠孝東路三段忠孝復興<U+272A>SOGO<U+272A>..",65000,51.5,5,10,2,2,4
"299","延吉街近仁愛路捷運國父紀念館..",25500,19.3,7,7,1,1,1
"300","樂業街近六張犁站<U+263C>和平東路<U+263C>..",65000,56.5,4,13,2,2,3
"302","新生南路一段忠孝新生捷運站/..",52000,43,6,7,2,2,3
"303","仁愛路四段忠孝敦化捷運站/仁..",36000,19,4,14,2,1,2
"304","和平東路一段古亭捷運站/師大..",35000,31,5,19,2,2,3
"306","復興南路一段135巷【捷運忠孝..",30000,19.6,5,12,1,1,2
"307","信義路四段30巷美樂【公寓三樓..",25000,23.3,3,3,2,1,2
"308","忠孝東路四段216巷近忠孝敦化..",65000,38.8,4,7,2,2,3
"309","市民大道四段近忠孝敦化站交通..",32000,15.7,3,7,1,1,2
"311","大安路二段近大安捷運站明亮美..",26500,13,5,12,1,1,1
"312","仁愛路四段仁愛敦化商圈、生活..",60000,36.7,7,15,2,1,2
"313","信義路二段環境優近中正廣場、..",130000,84.7,10,14,3,2,4
"314","敦化南路一段1+1房地段優、生..",48000,32.5,5,10,2,1,2
"315","和平東路三段3+1舒適溫馨、生..",65000,51.8,10,14,2,2,4
"316","仁愛路四段環境單純、生活機能..",43000,22.2,2,9,1,1,1
"317","金山南路二段132巷永康商圈全..",58000,36,2,7,1,2,2
"318","忠孝東路四段近忠孝敦化捷運裝..",29000,16,14,14,1,1,2
"319","瑞安街208巷~近大安森林公園..",42000,51,3,7,2,2,3
"320","信義路四段265巷MRT信義安和..",60000,34.2,1,7,2,2,3
"321","光復南路美樂【高樓層遠挑101*..",105000,60,17,19,2,2,3
"322","建國南路一段近大安森林公園#..",34000,18.8,6,12,1,1,2
"323","安和路二段高樓層≠名邸豪宅≠..",160000,117.9,22,25,2,5,5
"324","安和路一段仁愛圓環/3+1房大坪..",80000,45.1,11,12,2,2,3
"326","大安路一段141巷近信義安和站..",42000,38,2,5,2,2,4
"327","和平東路二段118巷近台大後門..",36000,47,4,5,2,2,4
"329","敦化南路二段63巷安和路口<U+261B>一..",90000,60.8,7,9,2,2,2
"330","敦化南路一段177巷beautifulA..",120000,60.6,11,13,2,2,2
"331","光復南路MRT信義安和.全新落..",35000,22.6,8,14,1,1,2
"332","光復南路近信義計畫區.全新落..",88000,58.9,13,14,2,2,3
"334","光復南路240巷MRT國父紀念館..",30000,15.2,3,11,1,1,1
"335","大安路二段雅寓三樓.方正採光..",35000,32.9,3,4,2,1,3
"336","忠孝東路三段248巷(捷運忠孝..",47800,48.8,1,14,2,2,3
"337","信義路四段MRT大安.精華地段..",78000,60.6,12,17,2,3,4
"338","仁愛路四段N1587仁愛圓環景觀..",24000,12.6,10,14,0,1,1
"339","辛亥路二段面台大-近新生南路..",42000,43.5,4,25,2,2,3
"340","復興南路二段78巷大安捷運站大..",48000,50,1,7,2,2,3
"341","師大路105巷師大靜巷新電梯兩..",34000,19.5,6,10,1,1,2
"342","臥龍街43巷敦南遠企商圈高樓層..",52000,39,11,11,2,2,3
"343","忠孝東路三段248巷正義國宅高..",40000,43,11,12,2,2,3
"344","瑞安街208巷大安捷運站電梯2..",31000,29.6,4,11,2,1,2
"345","忠孝東路四段170巷敦南誠品靜..",107000,50,6,6,2,2,3
"346","復興南路一段近SOGO<U+263C>全新裝潢..",60000,42.9,4,7,2,2,3
"347","瑞安街208巷瑞安街華廈二房屋..",34000,29.6,4,7,2,2,2
"348","復興南路一段大安站美侖飯店客..",118000,56,13,14,2,2,3
"349","新生南路一段仁愛帝寶後方靜巷..",52000,43.1,6,7,2,2,3
"350","師大路熱鬧繁榮◆鬧中取靜◆管..",34000,44.4,6,10,1,1,2
"351","復興南路二段一卡公事包即可入..",20000,10.5,6,6,1,1,1
"352","仁愛路四段大安名人巷搶手地段..",60000,45.2,5,7,2,2,2
"353","安和路一段明星學區格局方正採..",59000,49.4,4,16,2,2,4
"354","信義路四段交通便利寬敞空間生..",47000,33.2,2,12,2,2,3
"355","信義路四段警衛管理◎生活機能..",78000,60.6,12,17,2,3,3
"356","仁愛路三段新裝潢格局方..",50000,26.9,2,6,2,2,2
"357","敦化南路一段交通便利浪漫優雅..",118700,60.6,11,13,2,1,2
"358","信義路二段東門捷運採光明亮方..",86000,86.5,5,7,2,2,3
"359","敦化南路二段新居落成▲採光通..",35000,31.1,5,7,1,1,1
"360","忠孝東路四段忠孝敦化，東區靜..",42500,39.9,3,7,2,2,3
"361","仁愛路四段採光好通風佳大坪數..",130000,75,5,12,2,2,3
"362","信義路三段採光通風◇格局方正..",65000,41.3,6,7,2,2,4
"363","仁愛路四段金碧輝煌。優雅浪漫..",110000,65.3,3,14,2,2,3
"364","和平東路一段183巷森林公園◇..",120000,79.6,1,5,4,4,7
"365","復興南路一段綠意盎然的..",49000,37.9,3,7,2,2,2
"366","通安街信義安和站高樓景觀採光..",49898,24.9,8,9,2,2,2
"367","信義路三段147巷溫馨公..",30000,29,4,4,2,2,3
"368","光復南路MTR信義安和生..",35000,23.5,9,12,1,1,2
"369","仁愛路四段222巷MRT忠孝敦化..",32000,12.9,2,9,1,1,1
"370","通安街MRT信義安和、管理佳、..",45000,26.1,4,9,2,2,3
"371","建國南路一段大安森林公園旁精..",34000,18.5,6,12,1,1,2
"372","瑞安街208巷近捷運精選稀有優..",34000,29.6,4,7,2,2,2
"373","建國南路一段近捷運大安森林公..",34000,18.5,6,12,1,1,2
"374","復興南路忠孝復興大微風對面公..",22000,11,8,12,1,1,1
"376","羅斯福路二段漂亮時尚裝潢~採..",100000,40,4,7,2,2,2
"377","市民大道四段東區小豪宅..",30000,14,2,10,1,1,3
"378","安和路二段★六張犁遠企★林蔭..",60000,47,3,17,2,2,3
"379","復興南路一段忠孝復興站/格局..",33000,27,8,16,1,1,2
"380","信義路二段198巷近大安森林公..",35000,13.7,3,6,1,1,1
"381","安和路一段旺德美客§近忠孝敦..",80000,45.1,11,12,2,2,3
"382","復興南路一段135巷旺德美客§..",30000,19.6,5,12,1,1,2
"383","安和路一段敦南誠品旁全新裝潢..",80000,45.1,11,12,2,2,4
"384","信義路三段147巷旺德美客§近..",65000,39.5,6,7,1,2,4
"385","瑞安街120巷10年內新成屋、生..",125000,86.6,5,11,2,3,3
"386","光復南路近捷運臨江夜市旁精選..",105000,60,17,19,2,2,3
"387","忠孝東路三段248巷旺德美客§..",52000,48.7,1,14,2,2,3
"388","安和路一段交通便利適合家庭鄰..",68000,51.5,8,16,2,2,4
"389","光復南路近臨江夜市~2+1書房~..",100000,60,17,19,2,2,3
"390","樂業街近六張犁捷運站、舒適木..",66000,58,4,13,2,2,3
"391","仁愛路四段旺德美客§近捷運忠..",110000,54,3,14,2,2,4
"392","永康街37巷旺德美客§近東門站..",50000,42.5,4,6,2,2,3
"393","安和路二段181巷安和遠企景觀..",85000,53,7,17,2,2,3
"395","建國南路一段旺德美客★捷運大..",34000,18.5,6,12,1,1,2
"396","新生南路二段★大安森林公園★..",208888,151,3,15,2,4,4
"397","建國南路一段270巷旺德美客◆..",120000,36.7,1,5,3,3,4
"398","和平東路一段74巷旺德美客◆近..",35000,25,5,5,1,1,1
"399","光復南路旺德美客◆近基隆路*..",50000,22.3,7,14,1,1,2
"400","師大路105巷旺德美客§近師大..",30000,19.5,6,10,1,1,2
"401","和平東路二段建國南路和平東路..",32000,25,3,9,1,1,2
"402","瑞安街208巷★近捷運大安★稀..",33999,29.6,4,7,2,2,2
"403","安和路二段59巷★近捷運信義安..",73999,31.4,2,7,2,3,4
"404","和平東路一段183巷旺德美客§..",130000,53.6,1,5,3,4,7
"405","建國南路一段★近大安森林公園..",33999,18.5,6,12,1,1,2
"406","和平東路三段★近捷運六張犁★..",119999,80.9,15,19,2,3,3
"407","光復南路邊間2房/精美裝潢/..",35000,21,9,12,1,1,2
"408","仁愛路四段仁愛圓環名宅091861..",110000,65.3,3,11,2,2,3
"409","和平東路三段464巷★近捷運麟..",69999,55.8,2,14,2,2,4
"410","敦化南路一段近忠孝東路四段<U+2729>..",119990,62.4,10,14,2,2,3
"411","延吉街近國父紀念館站☆生活機..",40000,28,2,7,2,2,2
"412","新生南路一段近捷運忠孝新生☆..",120000,58.6,3,7,2,2,2
"413","敦化南路二段舊鑽綠蔭高樓景觀..",88000,75.9,15,21,2,4,5
"414","敦化南路一段233巷忠孝敦化東..",40000,43.9,4,7,2,2,3
"415","光復南路國館站華廈0918..",37000,38.8,4,7,2,2,4
"416","忠孝東路三段248巷SOGO一樓09..",48000,48.7,1,14,2,2,3
"417","復興南路一段旺德美客Φ信義路..",108000,36.8,13,14,2,2,3
"418","建國南路二段25巷捷運公園一樓..",46000,22,1,4,2,1,3
"420","信義路二段明亮溫馨小屋，近捷..",34000,10.8,3,11,1,1,1
"421","建國南路一段近仁愛路美裝潢<U+263C>..",120000,70,1,5,3,3,4
"422","仁愛路四段仁愛復興俯瞰國父紀..",119000,59.8,6,15,2,2,3
"423","仁愛路四段近國父紀念館/管理..",38000,27.4,2,9,1,1,1
"424","敦化南路一段近仁愛圓環.東區..",85000,91.5,7,7,2,3,4
"425","和平東路三段近捷運六張犁站*..",60000,58.7,8,19,2,2,3
"426","仁愛路四段71巷~私立復興高級..",70000,67,2,7,2,2,3
"427","建國南路一段270巷建國花市大..",119999,71,1,5,3,3,4
"428","安和路二段信義安和遠企樹海名..",120000,62,6,25,2,2,3
"429","臥龍街近麟光站.精美裝潢.綠..",60000,36.9,7,13,2,2,3
"430","忠孝東路三段248巷進忠孝復興..",48000,48.7,1,14,2,2,3
"431","光復南路高樓景觀、近信義安和..",105000,60,17,19,2,2,3
"432","泰順街44巷師大7-11雅緻店面",70000,36,1,4,1,1,1
"433","師大路台電捷運師大路口三樓",20000,12,3,5,1,1,1
"434","忠孝東路四段忠孝敦化精緻歐洲..",79000,47.4,8,14,2,2,3
"435","安和路一段近仁愛敦南圓環、忠..",80000,45.1,11,12,2,2,3
"436","仁愛路四段進仁愛圓環、忠孝敦..",110000,65.3,3,14,2,2,3
"437","安和路一段仁愛學區優質名宅",59000,49.4,4,16,2,2,4
"438","安和路一段敦南安和優質名宅",80000,45,11,12,2,2,3
"439","安和路二段名宅美屋~雙捷運~..",60000,59,4,15,2,2,3
"440","安和路二段217巷遠企靜..",38000,31.7,2,5,2,2,3
"441","通化街六張黎頂加2房",18000,13.1,5,5,1,1,2
"442","和平東路三段遠企六張捷運大廈",65000,59,12,12,2,2,3
"443","和平東路二段175巷近捷運站優..",35000,17.7,2,10,2,1,1
"445","新生南路三段大安森林公園＊稀..",43000,28.6,11,14,2,2,2
"446","建國南路一段大安森林公園~時..",34000,18.5,6,12,1,1,2
"447","忠孝東路三段248巷忠孝復興MR..",48000,48.7,1,14,2,2,3
"448","忠孝東路三段248巷忠孝復興捷..",40000,42.7,11,14,2,2,3
"449","復興南路一段279巷優質住宅即..",50000,37,3,7,2,2,2
"450","復興南路一段107巷忠孝復興優..",60000,42.9,4,7,2,2,3
"451","新生南路三段坐擁大安森林優質..",43000,28,11,14,2,2,3
"452","復興南路一段219巷優質四大房..",75000,62,4,7,2,3,4
"453","仁愛路三段123巷SOGO捷運空總..",58000,49,2,7,2,2,4
"454","羅斯福路三段283巷《已出租》..",45000,41.6,2,4,2,2,4
"455","溫州街22巷《已出租》溫州靜巷..",22000,15,3,5,1,1,1
"456","復興南路一段雙捷運線中間住辦..",46000,36,3,14,2,2,3
"457","光復南路240巷全天管理國父紀..",30000,15,3,11,1,1,1
"458","瑞安街208巷簡約兩房優質24小..",34000,29,4,7,2,2,2
"459","師大路105巷優質住宅近捷運步..",30000,19,6,9,1,1,2
"460","信義路四段採光明亮優質管理雅..",78000,60,12,17,2,3,4
"461","建國南路一段優質管理住宅近大..",34000,18,6,12,1,1,2
"462","師大路117巷台電大樓捷..",28000,28,5,5,2,2,3
"463","光復南路國父紀念館逸仙香榭",100000,57.1,5,7,3,3,3
"464","仁愛路四段71巷仁愛圓環靜巷大..",65000,66,2,7,2,2,3
"465","金山南路二段101巷空間寬敞採..",40000,40,2,4,1,1,2
"466","信義路四段謙華高樓景觀名邸",105000,33,8,15,2,2,2
"467","敦化南路一段敦化高樓管理3房",70000,31,13,14,2,2,2
"468","安和路一段127巷安和捷運美華..",40000,31.1,5,6,2,2,2
"469","光復南路信義安和站稀有頂級純..",105000,60,17,19,2,2,3
"470","仁愛路四段忠孝復興站復興小學..",60000,67,2,7,2,2,3
"471","復興南路一段大安站旁頂級住宅..",110000,63,13,15,2,2,3
"472","信義路二段148巷東門靜巷近森..",100000,72,5,7,2,2,3
"473","杭州南路二段9巷大安區近中正..",85000,53.3,4,7,2,2,3
"474","信義路四段信義安和捷運/通化..",90000,53,8,15,2,2,2
"475","和平東路三段精美屋況●採光明..",89000,66,17,19,2,2,3
"476","瑞安街208巷~大安站~瑞安街..",31000,29.6,4,7,2,2,2
"477","忠孝東路三段248巷~捷運忠孝..",52000,48.7,1,14,2,2,3
"478","延吉街241巷信義安和站生活機..",20000,20,2,2,1,1,2
"479","瑞安街120巷京倫瑞安氣派豪邸",140000,86.6,5,11,2,3,4
"480","和平東路二段175巷可報稅商登..",60000,20.9,3,10,2,2,3
"481","文昌街278巷信義安和新整理電..",35000,40,5,7,2,2,3
"482","復興南路一段135巷忠孝復興採..",29999,19.6,5,12,2,1,2
"483","仁愛路四段仁愛敦南圓環溫馨住..",60000,46.8,10,15,1,2,2
"484","仁愛路四段仁愛林蔭天廈樓中樓..",155000,101.2,12,15,3,4,4
"485","仁愛路四段408巷桓邦仁愛翠亨..",220000,107,5,13,2,4,4
"486","新生南路二段大安森林公園景觀..",200000,152,2,15,2,4,4
"487","瑞安街120巷4房BedRM大安森..",140000,86.6,5,11,2,3,4
"489","瑞安街208巷~*大安站*瑞安街..",31000,29.6,4,7,2,2,2
"490","忠孝東路三段248巷*忠孝SOGO..",52000,48.7,1,14,2,2,3
"491","師大路105巷~*台電大樓捷運*..",30000,19.5,6,10,1,1,2
"492","敦化南路一段252巷降價!!復興..",85000,91.5,7,7,3,3,4
"493","通安街信義安和站~舒適漂亮大..",59999,27.4,3,9,2,2,3
"494","建國南路二段大安森林公園便宜..",35000,38.8,3,5,2,2,4
"495","敦化南路一段236巷敦南SOGO面..",168000,78.6,2,10,1,1,2
"496","信義路四段美樂【我家樓下就是..",48000,33.2,2,12,2,2,3
"497","和平東路三段遠企安和辦公室租..",25888,32,2,5,0,1,6
"498","敦化南路一段近忠孝敦化站*東..",120000,62.4,10,12,2,2,3
"499","安和路一段近信義安和站*仁愛..",59000,49.4,4,16,2,2,4
"500","忠孝東路四段216巷東區精華地..",50000,42.6,6,7,2,2,4
"501","金山南路二段近和平東路一段*..",32500,26,2,4,2,1,2
"502","新生南路一段133巷鄰大安森林..",180000,136.3,4,6,2,4,5
"503","忠孝東路三段251巷近忠孝復興..",48000,36.3,4,4,2,1,3
"504","光復南路近基隆路二段,優質裝..",100000,60,17,19,2,2,3
"505","永康街永康靜巷一樓住宅",70000,26.2,1,4,1,1,2
"506","金華街243巷新生學區華廈",33000,11.4,3,6,1,1,1
"507","忠孝東路四段東區現代精緻美屋..",37000,18.3,7,14,1,1,2
"508","仁愛路四段345巷正216巷旁稀..",63000,48,2,7,2,2,2
"509","復興南路一段107巷忠孝復興電..",53000,40,2,7,2,2,3
"510","安和路一段90巷信義安和捷運站..",82000,40,1,4,2,1,1
"511","金華街106巷金華街大四房美寓..",36000,39,3,4,2,2,4
"512","潮州街潮州街電梯大四房，屋況..",62000,51,7,7,2,2,4
"513","復興南路二段近捷運科技站台大..",35000,35,9,12,2,1,2
"514","信義路四段附中學區大安站住家..",11500,12,5,6,1,1,2
"516","延吉街忠孝敦化捷運美寓",32000,25,4,4,2,1,2
"517","四維路186巷四維路~遠企林蔭..",46000,58.8,4,6,2,2,3
"518","仁愛路三段123巷屋主-..",46000,42,2,7,2,2,4
"519","仁愛路四段408巷*國父紀念館..",220000,108,6,15,2,4,4
"520","復興南路一段鉑斯精選<U+2764>近忠孝..",75000,54.4,5,16,2,2,3
"521","光復南路240巷☆☆☆國父紀念..",38000,19,4,11,1,1,2
"522","復興南路一段135巷<U+26BD><U+FE0F>鉑斯精..",30000,19.6,5,12,1,1,2
"523","光復南路~馬上可住~光復南路..",38000,20,10,14,1,1,1
"524","瑞安街208巷芳鄰靜巷美寓",31800,30.5,5,5,2,1,2
"525","安和路一段安和名宅●採光明亮..",68000,51,8,16,2,2,4
"526","敦化南路一段低公設美四房●名..",85000,91.5,7,7,2,3,4
"527","安和路二段精緻3+1房●家電俱..",72000,58,8,12,2,2,4
"528","復興南路一段精美屋況●採光明..",60000,42.9,4,7,2,2,3
"529","仁愛路四段精美屋況●採光明亮..",60000,45,5,7,2,2,3
"530","安和路一段仁愛安和精華地段●..",53000,33,4,12,2,2,3
"531","四維路精華地段●採光明亮●純..",45000,52,7,16,2,2,3
"532","忠孝東路四段精美1加1房●全..",54000,24,4,10,1,1,2
"533","安和路二段精美3+1●中庭花園..",90000,68,5,25,2,2,4
"534","安和路一段低公設美四房●保全..",57000,49.4,4,16,2,2,4
"535","仁愛路四段精美兩房大主臥●家..",65000,42,4,7,2,2,2
"536","復興南路一段低公設美四房●精..",75000,62,4,7,2,3,4
"537","光復南路知名建商●氣派外觀●..",90000,61,17,19,2,2,3
"538","敦化南路二段家具可搬●車位可..",88000,77,13,21,2,4,4
"539","通安街精美屋況●採光明亮●純..",50000,29,8,9,2,2,2
"540","延吉街純住兩房●家電俱全●精..",40000,27,2,7,2,2,2
"541","臥龍街43巷遠企商圈敦南..",52000,38.3,11,11,2,2,3
"542","光復南路昇陽Grand後棟高樓3..",105000,60,17,19,2,2,3
"543","金山南路二段古亭/東門雙捷運..",32500,26,2,4,2,1,2
"544","忠孝東路三段248巷安心租房子..",40000,31,11,12,2,2,3
"545","仁愛路四段稀有明亮翠亨大廈B..",70000,50.1,4,12,2,2,4
"546","忠孝東路三段SoGo商圈美廈",70000,51,5,10,2,2,4
"547","新生南路一段103巷<f0><U+009F><U+009A><U+0085>忠孝新生..",52000,43.1,6,7,2,2,3
"548","仁愛路四段明曜百貨商圈電梯4..",110000,77,3,13,2,3,4
"549","信義路四段信義安和站~24H管理..",60000,45,6,15,2,2,3
"550","臥龍街195巷大安區雙捷運公寓..",35000,28.3,4,5,2,1,3
"551","泰順街師大靜巷漂亮美屋",28000,25,3,4,2,1,2
"552","延吉街131巷<f0><U+009F><U+0094><U+00A5>東區~國館<f0><U+009F><U+0094><U+00A5>工..",30000,17.9,2,4,1,1,1
"553","安和路二段經典名宅~凱旋門高..",100000,59.5,12,17,2,2,4
"554","瑞安街160巷科技大樓站大坪數..",45000,45,3,6,2,2,3
"555","忠孝東路四段忠孝敦化~可住~..",93000,56,10,13,2,2,3
"556","信義路二段44巷東門捷運站。屋..",39800,33.8,4,5,2,2,3
"557","復興南路一段126巷忠孝復興捷..",43000,23.9,8,11,1,1,2
"558","永康街東門捷運。精緻裝潢三房..",48000,27.7,2,14,2,1,3
"559","忠孝東路四段181巷忠孝..",50000,41,6,6,2,2,3
"560","瑞安街208巷森林公園大4房",40000,45,4,4,2,3,4
"561","復興南路電梯雅房出租",33000,28.7,8,16,1,1,2
"562","基隆路二段MRT六張黎高樓層簡..",38000,24,11,14,2,2,2
"563","光復南路知名建商大器景觀戶稀..",99999,60,17,19,2,2,3
"564","復興南路一段近捷運站！精品裝..",26000,12.8,7,10,1,1,1
"565","和平東路三段敦南遠企安和24H..",98000,79.1,10,19,2,3,4
"566","復興南路一段135巷近忠孝SOGO..",29999,19.6,5,12,2,1,2
"567","光復南路★大安區高樓層稀有釋..",35000,21.1,11,19,2,1,2
"568","仁愛路四段★仁愛圓環林蔭美裝..",36000,19.2,4,14,2,1,2
"569","光復南路★大安區精美釋出飯店..",41999,24.9,6,19,1,1,2
"570","安和路二段35巷★高樓層美景盡..",58989,27.1,9,10,1,1,2
"571","信義路二段近中正紀念堂<U+263C>高樓..",130000,84.7,10,14,3,2,4
"572","和平東路二段175巷可短租**捷..",42000,28,6,6,2,1,3
"573","光復南路240巷全天管理●捷運..",30000,15.2,3,11,1,1,1
"574","復興南路一段135巷捷運忠孝復..",29999,19.6,5,12,2,1,2
"575","羅斯福路二段師大薈萃巷弄,質..",100000,42,4,7,2,2,2
"576","金山南路二段大安區優質住辦公寓",48000,47,2,4,2,2,4
"577","仁愛路四段*優質地段面綠意高..",149999,75,5,12,2,2,3
"578","通化街通化美寓交通便利生活機..",26000,25,2,4,2,1,2
"579","安和路一段**仁愛國小捷運信義..",58888,42.8,4,16,2,2,4
"580","羅斯福路三段★雙捷運★屋況超..",78000,44.4,12,25,2,2,3
"581","復興南路二段★近大安站★獨家..",250000,103.6,6,8,2,4,3
"582","通安街★信義安和站1分鐘★屋..",57000,27.4,3,9,2,2,3
"583","四維路★仁愛圓環附近舒適三房..",44999,52.5,7,16,2,2,3
"584","信義路二段中正紀念堂旁..",35000,27,6,13,1,1,1
"585","師大路105巷台電大樓捷運站師..",30000,16.5,6,9,2,1,2
"586","新生南路三段臺北市大安..",45000,45,5,14,2,2,3
"587","復興南路二段151巷大安區超美..",31000,29,3,5,2,2,3
"588","忠孝東路四段四房兩廳三衛精緻..",100500,67,13,13,2,3,4
"589","和平東路二段外商主管華僑駐台..",80000,41,13,13,2,2,1
"590","通化街遠企商圈小家庭二..",18000,20,5,5,1,1,2
"591","仁愛路四段112巷☆仁愛圓環旁..",65000,43,7,7,2,3,8
"592","忠孝東路四段忠孝東路四段MRT..",38000,18.2,7,14,1,1,1
"593","忠孝東路四段☆雙捷運~屋況好..",59999,50,10,12,1,2,3
"595","光復南路240巷◎忠孝東路、仁..",39999,19.7,4,11,1,1,2
"596","忠孝東路四段☆東區、醫美、高..",126000,80,11,13,2,2,3
"597","基隆路二段六張犁站舒適電梯三..",33000,37.5,3,7,2,2,3
"598","信義路二段★精緻裝潢兩..",32000,15,4,10,1,1,2
"599","和平東路二段175巷步行3分鐘..",25000,29,4,4,2,2,3
"600","光復南路240巷國父紀念館~優..",42000,19.7,7,11,1,1,2
"601","復興南路一段#近忠孝復興微風..",43000,33.6,13,16,1,2,2
"602","安和路二段217巷遠企黃金樓層..",42000,42.7,2,4,2,2,4
"603","和平東路三段氣派質感豪邸~近..",95000,66.5,15,19,2,2,3
"604","建國南路一段175巷SOGO三房:..",31000,27.1,3,14,2,1,3
"605","市民大道四段68巷*SOGO*敦南雅..",28000,30.9,4,4,2,1,3
"606","大安路一段*SOGO景觀華廈*裝..",23000,15,7,7,1,1,1
"607","安和路二段信義安和1+1美居",38000,19,6,12,1,1,1
"608","敦化南路一段敦南管理大廈",56000,37.4,10,12,2,2,3
"609","安和路一段141巷MRT信義安和..",43000,37.8,2,5,2,2,4
"610","忠孝東路四段223巷*忠孝敦化..",42500,39.9,3,7,2,2,3
"611","信義路三段147巷***大安雙捷..",65000,41.3,6,7,2,2,4
"612","和平東路一段師大正對面師大禮..",65000,62.4,14,18,2,2,4
"613","安和路一段安和路優質純住名宅..",85000,58.2,11,12,2,2,5
"614","敦化南路一段東區CP值爆表~住..",65000,44.8,3,12,2,2,3
"615","仁愛路四段345巷近東區..",65000,41.6,4,7,2,2,3
"616","忠孝東路四段216巷正東區電梯..",50000,42.6,6,7,2,2,4
"617","敦化南路一段233巷近忠孝敦化..",40000,43,4,7,2,2,3
"618","市民大道三段大安區.高樓層...",250000,97.3,22,23,2,2,3
"619","泰順街44巷大安區雙捷運一層一..",80000,49.8,2,5,3,3,4
"620","金山南路二段師大小豪宅(可含..",80000,29.1,9,14,2,2,3
"621","忠孝東路四段216巷【MRT忠孝..",26000,12,4,4,1,1,1
"622","復興南路捷運忠孝復興站",43000,31,10,16,2,2,3
"623","永康街永康81優雅溫馨裝潢屋",48000,27.6,2,12,1,1,2
"624","師大路部落格景觀1011+1房",26000,14.4,4,9,1,1,1
"626","信義路三段147巷大安MRT!復興..",65000,41.3,6,7,2,2,4
"627","仁愛路四段仁愛名宅高樓氣派樓..",134999,118,15,19,3,4,6
"628","四維路160巷頂樓公寓便宜出租..",17800,37,5,5,1,1,2
"629","瑞安街244巷大安森林好寓",38000,29,4,4,2,1,3
"630","師大路台電大樓四號出口..",13000,12,9,12,0,1,1
"632","新生南路一段165巷大安森林公..",29000,23.6,4,4,2,1,3
"633","仁愛路四段122巷捷運信義安和..",50000,42.3,12,14,2,2,4
"634","仁愛路四段122巷$信義敦南靜..",50000,43,12,13,2,2,4
"635","安和路二段181巷安和凱旋們方..",85000,60,11,16,2,2,4
"636","浦城街師大浦城二樓大戶~適10..",66000,48,2,4,2,2,4
"637","青田街7巷〈<U+30A2><U+30D1><U+30DE><U+30F3><U+30B7><U+30E7><U+30C3><U+30D7>..",138000,65.7,1,7,3,2,4
"638","光復南路240巷近捷運國父紀念..",28000,15.3,3,11,1,1,1
"639","建國南路一段304巷仁愛花市靜..",35000,35,3,5,2,2,4
"640","和平東路二段近科技大樓站*精..",80000,41.6,13,13,1,2,1
"641","忠孝東路四段216巷捷運忠孝敦..",49000,46,7,7,2,2,3
"642","信義路三段大安森林公園站旁/..",93000,54.6,3,14,2,2,3
"643","光復南路台北101世貿/東區/..",38000,20.8,9,19,1,1,1
"644","忠孝東路四段170巷忠孝敦化站..",110000,58.1,6,6,2,2,3
"645","光復南路信義安和站旁/兩房/..",50000,32.1,7,14,1,1,2
"646","信義路二段『☆摩登1+1房樓中..",33800,20,9,11,1,1,2
"647","信義路二段『☆摩登2房4米5..",33900,20,9,11,1,1,2
"648","信義路二段『☆摩登4米2樓中..",33000,15,3,11,1,1,1
"649","瑞安街256巷【科技大樓站】寧..",190000,97.1,7,9,2,2,3
"650","仁愛路三段5巷全新千萬裝潢仁..",135000,55.8,7,10,3,3,3
"651","瑞安街◆大安區大安森林公園旁..",140000,87,5,11,2,3,4
"652","仁愛路四段仁愛圓環復興小學24..",60000,38.8,7,15,2,2,3
"653","信義路四段265巷捷運三分鐘公..",68000,32.4,2,7,2,2,3
"654","敦化南路二段敦化南路名宅4+1..",88000,77.3,13,21,2,4,4
"655","建國南路二段大安森林公..",55000,43.7,8,10,2,2,2
"656","安和路二段69巷安和臻愛1+1房",24500,13.7,3,8,1,1,1
"657","市民大道四段市民大道兩..",28000,23,3,7,1,1,2
"658","安東街短租-景觀1+1房（含水..",42000,14,5,10,1,1,2
"659","和平東路一段183巷大安森林公..",29800,31,3,4,2,2,3
"660","建國南路一段大安區優質..",34000,19,6,13,1,1,2
"661","羅斯福路二段高樓層大坪數好視..",25000,16,25,26,0,1,1
"662","敦化南路一段233巷忠孝敦化電..",40000,45,4,7,2,2,3
"663","安居街9巷公寓4樓.環境清幽.生活..",23000,32,4,5,2,2,3
"664","瑞安街81巷瑞安街時尚美露臺",150000,76.2,3,9,2,2,3
"665","永康街永康街東門捷運電梯2房",50000,12,7,7,2,1,2
"666","忠孝東路三段248巷SOGO忠孝復..",52000,42,1,14,2,2,3
"667","和平東路二段96巷教大附小旁大住辦",150000,103.1,1,5,3,2,6
"668","和平東路一段古亭捷運站--超值..",36000,38,4,19,1,2,3
"669","仁愛路三段118巷仁愛帝寶芳鄰..",57000,44.4,3,6,2,2,3
"670","仁愛路四段住商仁愛光復店~仁..",65000,38.8,7,15,2,2,3
"671","光復南路近捷運臨江夜市..",35000,23.5,9,12,1,1,2
"672","仁愛路四段27巷*SOGO徒<U+6B69>3分..",60000,36,5,7,2,2,3
"674","建國南路一段270巷大安森林公..",120000,36.7,1,5,3,3,4
"675","基隆路二段132巷近通化街夜市..",15000,25,5,5,1,1,2
"676","敦化南路二段全新*豪華*傢俱..",26000,12.5,10,16,1,1,1
"677","信義路四段信義首府高樓3+1房",52000,33.8,8,12,2,2,4
"678","敦化南路二段全新*豪華*傢俱..",25000,12.5,10,16,1,1,1
"679","信義路四段信義首府高樓3+1房",52000,33.8,8,12,2,2,4
"680","仁愛路四段345巷仁愛豪宅芳鄰..",52000,45.6,7,7,2,2,4
"681","復興南路一段126巷★忠孝復興..",28000,21.1,5,11,1,1,1
"682","忠孝東路四段捷運忠孝敦..",29000,18,14,14,1,1,2
"683","仁愛路三段123巷仁愛大4房福..",46000,41.8,2,7,2,2,4
"684","東豐街東豐街優質大三房~!!",45000,41,2,4,2,2,3
"685","金華街243巷中信南門小楊永康..",28000,12,5,6,2,1,1
"686","和平東路一段113巷邊間..",35000,24.8,1,4,2,2,3
"687","光復南路大安區美妝2房鄰近信..",35000,21,9,12,1,1,2
"688","和平東路二段265巷科及大樓生..",48000,36.5,6,7,2,2,4
"689","建國南路一段面大安森林..",40000,25,14,14,2,2,2
"690","復興南路二段160巷科技捷運邊..",30000,32,4,4,2,2,3
"691","光復南路逸仙首馥大4房",98000,60.5,7,13,2,3,4
"692","安和路二段遠企樓中樓5房",160000,117.9,22,25,2,5,5
"693","和平東路三段『Taipei☆101★..",89000,79,17,19,2,2,3
"694","和平東路三段『☆敦南豪宅★Ta..",89000,79,17,19,2,2,3
"695","信義路二段86巷愛屋惜屋..",36000,36,1,1,2,1,3
"696","新生南路一段133巷近仁愛路...",179999,136.3,4,6,2,4,5
"697","羅斯福路二段81巷優古亭站~稀..",45000,28.3,4,5,2,1,2
"698","大安路二段27巷優一層一戶~豪..",178000,70.2,4,7,2,2,3
"699","延吉街131巷近國父紀念..",40000,33,3,4,2,2,3
"700","東豐街大安雙捷運精緻二房",45000,19.7,2,14,2,1,2
"701","仁愛路四段300巷優近國泰醫院..",53000,42.9,2,7,2,2,3
"702","臥龍街43巷優高樓層景觀~優質..",52000,38.4,11,11,2,2,3
"703","仁愛路三段118巷優近師大附中..",50000,26.9,2,6,2,2,2
"704","忠孝東路四段216巷優忠孝敦化..",70000,63.8,5,7,2,2,4
"705","大安路一段16巷MRT/忠孝復興~..",32000,18.6,3,7,2,1,1
"706","忠孝東路四段MRT忠孝敦化東區..",38000,18.2,7,14,1,1,1
"707","建國南路一段MRT大安森林公園..",69000,37.8,12,13,2,2,2
"708","和平東路一段248巷師大林園景..",120000,39.8,11,15,2,2,3
"709","光復南路知名昇陽建設，氣派大..",100000,74.8,17,19,2,2,3
"710","四維路170巷五星級遠企..",45000,13,6,8,1,1,1
"711","忠孝東路四段216巷東區216巷..",50000,42.6,6,7,2,2,4
"712","四維路14巷四維靜巷華廈",53000,57.3,3,7,2,2,4
"713","瑞安街81巷瑞安懷石~經典名人..",150000,76,3,9,2,2,4
"714","通安街信義安和捷運靜巷溫馨兩..",49888,25,8,9,2,2,2
"715","和平東路二段36巷大安森..",53000,44.9,9,10,2,2,4
"717","新生南路一段161巷大安森林公..",55000,43.3,2,7,2,2,3
"718","仁愛路二段近東區敦南仁愛圓環..",65000,36,7,15,2,2,3
"719","忠孝東路四段216巷明曜大四房..",70000,63,5,7,2,2,4
"720","和平東路三段外商首選~時尚美..",120000,80.9,15,19,2,3,3
"721","復興南路一段大安捷運站優質3..",108000,43,13,14,2,2,3
"722","敦化南路敦南林蔭邊間漂亮兩房",35000,24,7,15,1,1,2
"723","忠孝東路四段216巷生活機能良..",32000,18,3,7,1,1,1
"724","延吉街東區電梯3房(Jr1..",38000,49.5,7,7,2,2,3
"725","金山南路二段215巷大安..",95000,40,5,7,2,2,4
"726","忠孝東路四段**忠孝東路東區稀..",36999,18.3,7,14,1,1,1
"727","安和路一段近信義安和站~格局..",41000,38,2,5,2,2,4
"728","仁愛路四段512巷近國父紀念館..",75000,41.6,2,8,2,2,3
"729","敦化南路一段233巷最適..",40000,45,4,7,2,2,3
"730","羅斯福路三段台大公館商圈、高..",110000,89.1,17,19,2,2,3
"731","建國南路二段25巷1樓有車位住..",46000,22,1,4,2,1,3
"732","仁愛路四段仁愛圓環林蔭大道●..",110000,65.3,3,14,2,2,3
"733","安和路一段AAA+++",59000,53,4,17,2,2,4
